first_name,last_name,email,phone
Yohan,Yi,yohanyista@gmail.com,19099638199
Cassidy,Clawson,cassidyclawson@gmail.com,18312473750
Chandler,Smith,chandlerhsmithdev@gmail.com,19499406014
Premila,Anand,panand71@gmail.com,14152860731
Nina,Church,ninapearlchurch@gmail.com,18584722055
